{"cameraMode":{"drawMode":0,"name":"Shaded","section":"Shading Mode"},"sceneLighting":false,"audioPlay":false,"sceneViewState":{"m_AlwaysRefresh":false,"showFog":true,"showSkybox":false,"showFlares":true,"showImageEffects":true,"showParticleSystems":true,"showVisualEffectGraphs":true,"m_FxEnabled":true},"in2DMode":false,"pivot":{"x":7.944287300109863,"y":-0.31228047609329226,"z":6.1687517166137699},"rotation":{"x":0.11406487226486206,"y":-0.006591220386326313,"z":0.0006446955376304686,"w":0.9935145378112793},"size":1.687314748764038,"orthographic":false}