{"cameraMode":{"drawMode":0,"name":"Shaded","section":"Shading Mode"},"sceneLighting":false,"audioPlay":false,"sceneViewState":{"m_AlwaysRefresh":false,"showFog":true,"showSkybox":false,"showFlares":true,"showImageEffects":true,"showParticleSystems":true,"showVisualEffectGraphs":true,"m_FxEnabled":true},"in2DMode":false,"pivot":{"x":0.04000002145767212,"y":-0.3579999804496765,"z":9.34749984741211},"rotation":{"x":0.195223867893219,"y":-0.011768796481192112,"z":0.0023428029380738737,"w":0.9806851744651794},"size":1.4271671772003174,"orthographic":false}