{"cameraMode":{"drawMode":0,"name":"Shaded","section":"Shading Mode"},"sceneLighting":false,"audioPlay":false,"sceneViewState":{"m_AlwaysRefresh":false,"showFog":true,"showSkybox":false,"showFlares":true,"showImageEffects":true,"showParticleSystems":true,"showVisualEffectGraphs":true,"m_FxEnabled":true},"in2DMode":false,"pivot":{"x":7.865287780761719,"y":-0.31228041648864748,"z":6.013751029968262},"rotation":{"x":0.23300710320472718,"y":0.07181686162948609,"z":-0.017524978145956994,"w":0.9698142409324646},"size":2.3123180866241457,"orthographic":false}