{"cameraMode":{"drawMode":0,"name":"Shaded","section":"Shading Mode"},"sceneLighting":false,"audioPlay":false,"sceneViewState":{"m_AlwaysRefresh":false,"showFog":false,"showSkybox":false,"showFlares":false,"showImageEffects":false,"showParticleSystems":false,"showVisualEffectGraphs":true,"m_FxEnabled":true},"in2DMode":false,"pivot":{"x":0.005392313003540039,"y":1.0687193870544434,"z":0.14252197742462159},"rotation":{"x":-0.0251433365046978,"y":0.072411447763443,"z":0.0015743575058877469,"w":0.9972054958343506},"size":1.5654243230819703,"orthographic":false}