{"cameraMode":{"drawMode":0,"name":"Shaded","section":"Shading Mode"},"sceneLighting":false,"audioPlay":false,"sceneViewState":{"m_AlwaysRefresh":false,"showFog":true,"showSkybox":false,"showFlares":true,"showImageEffects":true,"showParticleSystems":true,"showVisualEffectGraphs":true,"m_FxEnabled":true},"in2DMode":false,"pivot":{"x":0.6944886445999146,"y":0.7899275422096252,"z":0.6793225407600403},"rotation":{"x":0.24673692882061006,"y":-0.016177121549844743,"z":0.0035878608468919994,"w":0.9690602421760559},"size":0.7921611666679382,"orthographic":false}