{"cameraMode":{"drawMode":0,"name":"Shaded","section":"Shading Mode"},"sceneLighting":false,"audioPlay":false,"sceneViewState":{"m_AlwaysRefresh":false,"showFog":false,"showSkybox":false,"showFlares":false,"showImageEffects":false,"showParticleSystems":false,"showVisualEffectGraphs":true,"m_FxEnabled":true},"in2DMode":false,"pivot":{"x":0.004147976636886597,"y":0.8220919370651245,"z":0.109632208943367},"rotation":{"x":0.11406487226486206,"y":-0.006591220386326313,"z":0.0006446955376304686,"w":0.9935145378112793},"size":1.1297175884246827,"orthographic":false}